{"_id":{"$oid":"59074b34b31dc404a959471d"},"dept_no":"d009","dept_name":"Customer Service"}
{"_id":{"$oid":"59074b34b31dc404a959471e"},"dept_no":"d005","dept_name":"Development"}
{"_id":{"$oid":"59074b34b31dc404a959471f"},"dept_no":"d002","dept_name":"Finance"}
{"_id":{"$oid":"59074b34b31dc404a9594720"},"dept_no":"d003","dept_name":"Human Resources"}
{"_id":{"$oid":"59074b34b31dc404a9594721"},"dept_no":"d001","dept_name":"Marketing"}
{"_id":{"$oid":"59074b34b31dc404a9594722"},"dept_no":"d004","dept_name":"Production"}
{"_id":{"$oid":"59074b34b31dc404a9594723"},"dept_no":"d007","dept_name":"Sales"}
{"_id":{"$oid":"59074b34b31dc404a9594724"},"dept_no":"d008","dept_name":"Research"}
{"_id":{"$oid":"59074b34b31dc404a9594725"},"dept_no":"d006","dept_name":"Quality Management"}
