{"_id":{"$oid":"59074b47b31dc404a9594726"},"emp_no":110022,"dept_no":"d001","from_date":"1985-01-01","to_date":"1991-10-01"}
{"_id":{"$oid":"59074b47b31dc404a9594727"},"emp_no":110039,"dept_no":"d001","from_date":"1991-10-01","to_date":"9999-01-01"}
{"_id":{"$oid":"59074b47b31dc404a9594728"},"emp_no":110085,"dept_no":"d002","from_date":"1985-01-01","to_date":"1989-12-17"}
{"_id":{"$oid":"59074b47b31dc404a9594729"},"emp_no":110114,"dept_no":"d002","from_date":"1989-12-17","to_date":"9999-01-01"}
{"_id":{"$oid":"59074b47b31dc404a959472a"},"emp_no":110183,"dept_no":"d003","from_date":"1985-01-01","to_date":"1992-03-21"}
{"_id":{"$oid":"59074b47b31dc404a959472b"},"emp_no":110228,"dept_no":"d003","from_date":"1992-03-21","to_date":"9999-01-01"}
{"_id":{"$oid":"59074b47b31dc404a959472c"},"emp_no":110344,"dept_no":"d004","from_date":"1988-09-09","to_date":"1992-08-02"}
{"_id":{"$oid":"59074b47b31dc404a959472d"},"emp_no":110303,"dept_no":"d004","from_date":"1985-01-01","to_date":"1988-09-09"}
{"_id":{"$oid":"59074b47b31dc404a959472e"},"emp_no":110386,"dept_no":"d004","from_date":"1992-08-02","to_date":"1996-08-30"}
{"_id":{"$oid":"59074b47b31dc404a959472f"},"emp_no":110420,"dept_no":"d004","from_date":"1996-08-30","to_date":"9999-01-01"}
{"_id":{"$oid":"59074b47b31dc404a9594730"},"emp_no":110511,"dept_no":"d005","from_date":"1985-01-01","to_date":"1992-04-25"}
{"_id":{"$oid":"59074b47b31dc404a9594731"},"emp_no":110567,"dept_no":"d005","from_date":"1992-04-25","to_date":"9999-01-01"}
{"_id":{"$oid":"59074b47b31dc404a9594732"},"emp_no":110725,"dept_no":"d006","from_date":"1985-01-01","to_date":"1989-05-06"}
{"_id":{"$oid":"59074b47b31dc404a9594733"},"emp_no":110854,"dept_no":"d006","from_date":"1994-06-28","to_date":"9999-01-01"}
{"_id":{"$oid":"59074b47b31dc404a9594734"},"emp_no":111035,"dept_no":"d007","from_date":"1985-01-01","to_date":"1991-03-07"}
{"_id":{"$oid":"59074b47b31dc404a9594735"},"emp_no":111133,"dept_no":"d007","from_date":"1991-03-07","to_date":"9999-01-01"}
{"_id":{"$oid":"59074b47b31dc404a9594736"},"emp_no":111400,"dept_no":"d008","from_date":"1985-01-01","to_date":"1991-04-08"}
{"_id":{"$oid":"59074b47b31dc404a9594737"},"emp_no":110765,"dept_no":"d006","from_date":"1989-05-06","to_date":"1991-09-12"}
{"_id":{"$oid":"59074b47b31dc404a9594738"},"emp_no":111534,"dept_no":"d008","from_date":"1991-04-08","to_date":"9999-01-01"}
{"_id":{"$oid":"59074b47b31dc404a9594739"},"emp_no":111692,"dept_no":"d009","from_date":"1985-01-01","to_date":"1988-10-17"}
{"_id":{"$oid":"59074b47b31dc404a959473a"},"emp_no":110800,"dept_no":"d006","from_date":"1991-09-12","to_date":"1994-06-28"}
{"_id":{"$oid":"59074b47b31dc404a959473b"},"emp_no":111784,"dept_no":"d009","from_date":"1988-10-17","to_date":"1992-09-08"}
{"_id":{"$oid":"59074b47b31dc404a959473c"},"emp_no":111877,"dept_no":"d009","from_date":"1992-09-08","to_date":"1996-01-03"}
{"_id":{"$oid":"59074b47b31dc404a959473d"},"emp_no":111939,"dept_no":"d009","from_date":"1996-01-03","to_date":"9999-01-01"}
